id,name,full_name,,repo_name,created_at,updated_at,pushed_at,stargazers_count,has_issues,has_projects,has_downloads,has_wiki,has_pages,forks_count,mirror_url,open_issues_count,Commit,Branch,Release,Contributor,License,owner_id,owner_login,location
9709563,summernote,summernote,summernote,summernote/summernote,2013-04-27T04:59:48Z,2017-09-10T08:24:09Z,2017-09-09T11:11:07Z,6307,TRUE,TRUE,TRUE,TRUE,FALSE,1378,,906,2474,17,49,177,MIT,,,Korea
25459400,pinpoint,naver,pinpoint,naver/pinpoint,2014-10-20T09:27:22Z,2017-09-11T01:15:43Z,2017-09-11T02:22:36Z,4381,TRUE,FALSE,TRUE,TRUE,FALSE,1401,,152,9278,5,15,48,Apache-2.0,,,Korea
7323572,qrcodejs,davidshimjs,qrcodejs,davidshimjs/qrcodejs,2012-12-26T05:29:39Z,2017-09-10T16:23:15Z,2017-07-29T08:05:59Z,3770,TRUE,TRUE,TRUE,TRUE,TRUE,1005,,96,46,3,0,15,MIT,,,Korea
18250334,crow,ipkn,crow,ipkn/crow,2014-03-29T20:40:24Z,2017-09-10T23:34:12Z,2017-09-06T06:42:54Z,3403,TRUE,TRUE,TRUE,TRUE,FALSE,401,,126,275,1,0,23,BSD-3-Clause,,,Korea
65090756,open-color,yeun,open-color,yeun/open-color,2016-08-06T16:10:41Z,2017-09-09T16:55:46Z,2017-06-20T19:41:36Z,2968,TRUE,TRUE,TRUE,TRUE,TRUE,127,,11,162,2,11,20,MIT,,,Korea
84533158,pytorch-tutorial,yunjey,pytorch-tutorial,yunjey/pytorch-tutorial,2017-03-10T07:41:47Z,2017-09-11T02:03:12Z,2017-08-06T07:47:36Z,2737,TRUE,TRUE,TRUE,TRUE,FALSE,529,,3,115,1,0,10,MIT,,,Korea
29420377,Awesome-CV,posquit0,Awesome-CV,posquit0/Awesome-CV,2015-01-18T08:42:23Z,2017-09-10T16:09:59Z,2017-09-05T20:51:48Z,2736,TRUE,TRUE,TRUE,TRUE,FALSE,821,,73,182,1,0,13,BSD-3-Clause,,,Korea
23616394,profiling,what-studio,profiling,what-studio/profiling,2014-09-03T10:35:57Z,2017-09-08T14:50:01Z,2017-06-28T06:10:03Z,2595,TRUE,TRUE,TRUE,FALSE,FALSE,97,,7,414,2,4,9,BSD-3-Clause,,,Korea
80011155,qart.js,kciter,qart.js,kciter/qart.js,2017-01-25T12:10:14Z,2017-09-09T10:18:07Z,2017-09-02T06:44:20Z,2344,TRUE,TRUE,TRUE,TRUE,TRUE,106,,3,70,4,3,5,GPL-3.0,,,Korea
90341204,Pastel,cruisediary,Pastel,cruisediary/Pastel,2017-05-05T05:45:54Z,2017-09-11T01:23:45Z,2017-05-31T16:11:16Z,2190,TRUE,TRUE,TRUE,TRUE,FALSE,97,,10,46,6,7,4,MIT,,,Korea
48533709,Then,devxoul,Then,devxoul/Then,2015-12-24T08:29:37Z,2017-09-10T11:40:32Z,2017-06-23T04:41:14Z,1838,TRUE,TRUE,TRUE,FALSE,FALSE,107,,5,95,2,12,11,MIT,,,Korea
73660839,speech-to-text-wavenet,buriburisuri,speech-to-text-wavenet,buriburisuri/speech-to-text-wavenet,2016-11-14T02:54:01Z,2017-09-11T02:14:12Z,2017-07-18T17:55:38Z,1747,TRUE,TRUE,TRUE,TRUE,FALSE,293,,53,27,2,0,4,Apache-2.0,,,Korea
17205044,libPhoneNumber-iOS,iziz,libPhoneNumber-iOS,iziz/libPhoneNumber-iOS,2014-02-26T09:09:15Z,2017-09-10T03:11:37Z,2017-08-31T17:37:18Z,1695,TRUE,TRUE,TRUE,TRUE,FALSE,249,,20,417,5,33,35,Apache-2.0,,,Korea
9234481,FinestWebView-Android,TheFinestArtist,FinestWebView-Android,TheFinestArtist/FinestWebView-Android,2013-04-05T05:29:08Z,2017-09-09T17:02:25Z,2017-07-12T11:39:18Z,1571,TRUE,TRUE,TRUE,TRUE,FALSE,356,,80,193,3,17,10,Apache-2.0,,,Korea
12207953,FFmpeg-iOS-build-script,kewlbear,FFmpeg-iOS-build-script,kewlbear/FFmpeg-iOS-build-script,2013-08-19T05:25:07Z,2017-09-10T09:15:19Z,2017-04-27T03:52:51Z,1559,TRUE,TRUE,TRUE,TRUE,FALSE,538,,3,109,3,3,2,MIT,,,Korea
24311052,awesome-sqlalchemy,dahlia,awesome-sqlalchemy,dahlia/awesome-sqlalchemy,2014-09-22T02:13:34Z,2017-09-05T15:15:08Z,2017-05-26T23:42:47Z,1444,TRUE,TRUE,TRUE,FALSE,FALSE,83,,3,130,1,0,33,BSD-3-Clause,,,Korea
78835091,reinforcement-learning,rlcode,reinforcement-learning,rlcode/reinforcement-learning,2017-01-13T09:30:09Z,2017-09-10T19:53:28Z,2017-07-13T10:57:43Z,1426,TRUE,TRUE,TRUE,TRUE,FALSE,236,,4,262,4,0,9,MIT,,,Korea
19648633,Android-ParallaxHeaderViewPager,kmshack,Android-ParallaxHeaderViewPager,kmshack/Android-ParallaxHeaderViewPager,2014-05-10T18:19:45Z,2017-09-09T07:37:04Z,2017-03-15T02:43:33Z,1335,TRUE,TRUE,TRUE,TRUE,FALSE,360,,28,42,1,0,5,Apache-2.0,,,Korea
51241838,URLNavigator,devxoul,URLNavigator,devxoul/URLNavigator,2016-02-07T09:14:17Z,2017-09-09T12:02:50Z,2017-09-10T00:55:59Z,1269,TRUE,TRUE,TRUE,FALSE,FALSE,85,,15,149,2,22,6,MIT,,,Korea
8000907,haroopad,rhiokim,haroopad,rhiokim/haroopad,2013-02-04T04:11:21Z,2017-09-10T13:10:42Z,2017-03-26T10:43:29Z,1240,TRUE,TRUE,TRUE,TRUE,TRUE,193,,193,228,2,3,10,GPL-3.0,,,Korea
6564048,PinterestLikeAdapterView,GDG-Korea,PinterestLikeAdapterView,GDG-Korea/PinterestLikeAdapterView,2012-11-06T15:12:05Z,2017-09-08T12:58:53Z,2017-08-08T08:16:14Z,1132,TRUE,TRUE,TRUE,TRUE,FALSE,841,,23,133,2,0,8,Apache-2.0,,,Korea
29100229,slack-invite-automation,outsideris,slack-invite-automation,outsideris/slack-invite-automation,2015-01-11T17:52:59Z,2017-09-09T11:58:10Z,2017-08-22T23:34:30Z,1065,TRUE,TRUE,TRUE,TRUE,FALSE,639,,9,129,1,0,37,MIT,,,Korea
90641944,TLPhotoPicker,tilltue,TLPhotoPicker,tilltue/TLPhotoPicker,2017-05-08T15:10:34Z,2017-09-09T16:06:08Z,2017-09-03T13:39:52Z,1003,TRUE,TRUE,TRUE,TRUE,FALSE,64,,2,57,2,13,6,MIT,,,Korea
64145955,NXDrawKit,Nicejinux,NXDrawKit,Nicejinux/NXDrawKit,2016-07-25T15:24:46Z,2017-09-08T16:35:26Z,2017-05-14T04:38:35Z,974,TRUE,TRUE,TRUE,TRUE,FALSE,70,,3,74,1,14,14,MIT,,,Korea
81450548,MotionBook,younatics,MotionBook,younatics/MotionBook,2017-02-09T12:59:27Z,2017-09-11T01:42:58Z,2017-09-09T11:26:03Z,922,TRUE,TRUE,TRUE,TRUE,FALSE,73,,0,163,2,0,7,MIT,,,Korea
27949451,SelectableRoundedImageView,pungrue26,SelectableRoundedImageView,pungrue26/SelectableRoundedImageView,2014-12-13T04:34:34Z,2017-09-04T07:12:18Z,2017-07-12T10:47:34Z,847,TRUE,TRUE,TRUE,TRUE,FALSE,204,,2,27,1,0,1,Apache-2.0,,,Korea
79372336,TensorFlow-Tutorials,golbin,TensorFlow-Tutorials,golbin/TensorFlow-Tutorials,2017-01-18T18:50:06Z,2017-09-11T00:33:20Z,2017-08-30T11:03:59Z,839,TRUE,TRUE,TRUE,TRUE,FALSE,286,,0,65,2,0,1,MIT,,,Korea
62412616,RxTodo,devxoul,RxTodo,devxoul/RxTodo,2016-07-01T18:31:50Z,2017-09-10T09:16:13Z,2017-06-08T16:25:24Z,822,TRUE,TRUE,TRUE,TRUE,FALSE,126,,1,109,2,0,4,MIT,,,Korea
46768645,egjs,naver,egjs,naver/egjs,2015-11-24T05:18:03Z,2017-09-03T23:11:02Z,2017-08-17T09:58:45Z,785,TRUE,TRUE,TRUE,TRUE,TRUE,87,,3,1363,3,9,14,MIT,,,Korea
74197017,numpy_exercises,Kyubyong,numpy_exercises,Kyubyong/numpy_exercises,2016-11-19T08:36:34Z,2017-09-11T02:00:42Z,2017-04-01T04:51:28Z,770,TRUE,TRUE,TRUE,TRUE,FALSE,182,,0,40,1,0,2,MIT,,,Korea
23093685,UzysAssetsPickerController,uzysjung,UzysAssetsPickerController,uzysjung/UzysAssetsPickerController,2014-08-19T02:15:34Z,2017-09-08T10:43:21Z,2017-09-01T06:55:10Z,744,TRUE,TRUE,TRUE,TRUE,FALSE,157,,20,95,1,10,6,MIT,,,Korea
82458708,YNDropDownMenu,younatics,YNDropDownMenu,younatics/YNDropDownMenu,2017-02-19T12:53:02Z,2017-09-09T20:21:29Z,2017-09-09T11:34:27Z,736,TRUE,TRUE,TRUE,TRUE,TRUE,59,,1,184,2,34,5,MIT,,,Korea
51969435,TedPermission,ParkSangGwon,TedPermission,ParkSangGwon/TedPermission,2016-02-18T01:37:51Z,2017-09-10T00:22:18Z,2017-08-30T23:31:39Z,735,TRUE,TRUE,TRUE,TRUE,FALSE,112,,7,109,1,10,5,Apache-2.0,,,Korea
51731516,YOLO_tensorflow,gliese581gg,YOLO_tensorflow,gliese581gg/YOLO_tensorflow,2016-02-15T04:50:51Z,2017-09-08T13:57:35Z,2017-04-21T09:56:04Z,717,TRUE,TRUE,TRUE,TRUE,FALSE,261,,27,16,1,0,1,Apache-2.0,,,Korea
2492312,wand,dahlia,wand,dahlia/wand,2011-09-30T21:36:38Z,2017-09-05T12:03:41Z,2017-09-06T03:59:00Z,710,TRUE,FALSE,TRUE,FALSE,TRUE,156,,122,1015,13,32,68,MIT,,,Korea
39057611,SwiftyImage,devxoul,SwiftyImage,devxoul/SwiftyImage,2015-07-14T06:23:58Z,2017-09-09T07:18:04Z,2017-08-28T20:31:32Z,687,TRUE,TRUE,TRUE,TRUE,FALSE,28,,1,68,1,11,2,MIT,,,Korea
30759499,nginx-module-vts,vozlt,nginx-module-vts,vozlt/nginx-module-vts,2015-02-13T14:22:24Z,2017-09-10T19:12:31Z,2017-08-02T09:54:24Z,677,TRUE,TRUE,TRUE,TRUE,FALSE,118,,18,101,1,16,3,BSD-2-Clause,,,Korea
57008654,GlitchLabel,kciter,GlitchLabel,kciter/GlitchLabel,2016-04-25T03:21:39Z,2017-09-10T07:37:23Z,2017-09-02T01:18:28Z,671,TRUE,TRUE,TRUE,TRUE,FALSE,25,,1,49,2,4,3,MIT,,,Korea
66920244,TedBottomPicker,ParkSangGwon,TedBottomPicker,ParkSangGwon/TedBottomPicker,2016-08-30T08:08:31Z,2017-09-09T15:26:55Z,2017-08-28T08:51:33Z,662,TRUE,TRUE,TRUE,TRUE,FALSE,101,,22,65,1,4,1,Apache-2.0,,,Korea
9264212,popularconvention,outsideris,popularconvention,outsideris/popularconvention,2013-04-06T18:04:09Z,2017-09-08T19:11:18Z,2017-07-09T16:38:25Z,659,TRUE,TRUE,TRUE,FALSE,FALSE,46,,16,199,1,0,45,MIT,,,Korea
27825475,UITextView-Placeholder,devxoul,UITextView-Placeholder,devxoul/UITextView-Placeholder,2014-12-10T15:18:38Z,2017-09-09T21:46:31Z,2017-07-28T04:27:09Z,650,TRUE,TRUE,TRUE,TRUE,FALSE,109,,8,56,1,13,4,MIT,,,Korea
88394399,YNSearch,younatics,YNSearch,younatics/YNSearch,2017-04-16T05:59:12Z,2017-09-08T10:00:13Z,2017-09-09T11:26:38Z,649,TRUE,TRUE,TRUE,TRUE,FALSE,45,,2,101,2,17,13,MIT,,,Korea
90272891,Highlighter,younatics,Highlighter,younatics/Highlighter,2017-05-04T14:28:07Z,2017-09-08T22:56:18Z,2017-09-09T11:26:56Z,619,TRUE,TRUE,TRUE,TRUE,FALSE,27,,0,26,1,3,2,MIT,,,Korea
32624384,colorpicker,QuadFlask,colorpicker,QuadFlask/colorpicker,2015-03-21T07:49:18Z,2017-09-11T00:55:16Z,2017-06-07T14:36:43Z,603,TRUE,TRUE,TRUE,TRUE,FALSE,125,,32,165,3,13,12,Apache-2.0,,,Korea
62559447,ChosunTruck,bethesirius,ChosunTruck,bethesirius/ChosunTruck,2016-07-04T12:10:30Z,2017-09-05T10:25:56Z,2017-06-05T14:11:41Z,594,TRUE,TRUE,TRUE,TRUE,FALSE,80,,4,144,3,0,5,MIT,,,Korea
90093838,FlexibleImage,kawoou,FlexibleImage,kawoou/FlexibleImage,2017-05-03T01:13:36Z,2017-09-09T12:17:20Z,2017-06-25T07:26:55Z,578,TRUE,TRUE,TRUE,TRUE,FALSE,26,,0,66,10,8,1,MIT,,,Korea
45671249,homebrew-cask-upgrade,buo,homebrew-cask-upgrade,buo/homebrew-cask-upgrade,2015-11-06T09:06:30Z,2017-09-10T10:43:15Z,2017-09-10T20:14:40Z,548,TRUE,FALSE,TRUE,FALSE,FALSE,37,,16,106,1,5,17,MIT,,,Korea
37533525,awesome-devblog,sarojaba,awesome-devblog,sarojaba/awesome-devblog,2015-06-16T13:59:23Z,2017-09-09T15:02:30Z,2017-09-10T19:07:06Z,534,TRUE,TRUE,TRUE,TRUE,TRUE,101,,0,645,2,0,6,MIT,,,Korea
82876313,nginx-module-sysguard,vozlt,nginx-module-sysguard,vozlt/nginx-module-sysguard,2017-02-23T02:42:37Z,2017-09-09T19:56:19Z,2017-03-21T08:20:20Z,529,TRUE,TRUE,TRUE,TRUE,FALSE,15,,1,3,1,0,1,BSD-2-Clause,,,Korea
44174933,Floaty,kciter,Floaty,kciter/Floaty,2015-10-13T12:32:42Z,2017-09-08T20:36:00Z,2017-09-07T06:09:01Z,525,TRUE,TRUE,TRUE,TRUE,FALSE,109,,35,222,5,35,22,MIT,,,Korea
77671238,domain-transfer-network,yunjey,domain-transfer-network,yunjey/domain-transfer-network,2016-12-30T08:00:26Z,2017-09-08T10:36:41Z,2017-04-08T03:35:32Z,520,TRUE,TRUE,TRUE,TRUE,FALSE,91,,5,52,2,0,1,MIT,,,Korea
91395977,tacotron,Kyubyong,tacotron,Kyubyong/tacotron,2017-05-16T00:16:06Z,2017-09-10T17:22:17Z,2017-08-02T08:32:00Z,517,TRUE,TRUE,TRUE,TRUE,FALSE,109,,41,80,2,0,5,Apache-2.0,,,Korea
76819036,sudoku,Kyubyong,sudoku,Kyubyong/sudoku,2016-12-19T01:52:51Z,2017-09-10T14:09:46Z,2017-07-28T09:21:09Z,516,TRUE,TRUE,TRUE,TRUE,FALSE,49,,3,20,2,0,26,GPL-3.0,,,Korea
19346982,konlpy,konlpy,konlpy,konlpy/konlpy,2014-05-01T14:37:08Z,2017-09-10T11:51:29Z,2017-09-04T05:13:01Z,498,TRUE,TRUE,TRUE,TRUE,FALSE,138,,47,407,2,11,50,MIT,,,Korea
77006492,wordvectors,Kyubyong,wordvectors,Kyubyong/wordvectors,2016-12-21T01:55:34Z,2017-09-10T14:14:19Z,2017-07-17T03:01:13Z,493,TRUE,TRUE,TRUE,TRUE,FALSE,80,,6,8,1,0,1,MIT,,,Korea
11070051,HTProgressHUD,Hardtack,HTProgressHUD,Hardtack/HTProgressHUD,2013-06-30T12:52:32Z,2017-08-28T05:30:23Z,2017-07-24T01:15:35Z,490,TRUE,TRUE,TRUE,TRUE,FALSE,41,,2,46,1,4,1,MIT,,,Korea
11295881,MSCellAccessory,bitmapdata,MSCellAccessory,bitmapdata/MSCellAccessory,2013-07-09T22:24:50Z,2017-08-21T08:16:38Z,2017-02-08T08:14:21Z,481,TRUE,TRUE,TRUE,TRUE,FALSE,61,,3,77,2,6,2,BSD-3-Clause,,,Korea
94618560,transformer,Kyubyong,transformer,Kyubyong/transformer,2017-06-17T11:08:40Z,2017-09-10T16:11:03Z,2017-09-09T12:22:34Z,459,TRUE,TRUE,TRUE,TRUE,FALSE,97,,6,12,1,0,3,Apache-2.0,,,Korea
93711918,relational-networks,kimhc6028,relational-networks,kimhc6028/relational-networks,2017-06-08T05:48:41Z,2017-09-10T15:14:44Z,2017-08-02T03:17:43Z,452,TRUE,TRUE,TRUE,TRUE,FALSE,84,,1,48,1,0,4,BSD-3-Clause,,,Korea
4709330,ngrinder,naver,ngrinder,naver/ngrinder,2012-06-19T04:14:15Z,2017-09-07T10:18:36Z,2017-06-20T10:14:57Z,444,TRUE,TRUE,TRUE,TRUE,TRUE,141,,49,3745,16,37,12,Apache-2.0,,,Korea
85959870,commonregex,mingrammer,commonregex,mingrammer/commonregex,2017-03-23T14:33:18Z,2017-09-09T04:03:06Z,2017-07-03T14:10:29Z,430,TRUE,TRUE,TRUE,TRUE,FALSE,24,,0,40,1,0,9,MIT,,,Korea
4867294,TadpoleForDBTools,hangum,TadpoleForDBTools,hangum/TadpoleForDBTools,2012-07-03T02:34:03Z,2017-09-06T07:25:37Z,2017-09-11T00:49:25Z,408,TRUE,TRUE,TRUE,TRUE,TRUE,119,,69,3363,46,29,8,BSD-3-Clause,,,Korea
14624014,chromeadb,importre,chromeadb,importre/chromeadb,2013-11-22T17:10:48Z,2017-09-06T12:49:16Z,2017-08-07T05:41:51Z,406,TRUE,TRUE,TRUE,TRUE,FALSE,82,,7,78,4,9,2,MPL-2.0,,,Korea
16727749,uftrace,namhyung,uftrace,namhyung/uftrace,2014-02-11T10:44:50Z,2017-09-07T16:29:30Z,2017-09-10T02:53:09Z,395,TRUE,FALSE,TRUE,TRUE,FALSE,60,,14,2062,35,9,15,GPL-2.0,,,Korea
57401138,agensgraph,bitnine-oss,agensgraph,bitnine-oss/agensgraph,2016-04-29T17:19:07Z,2017-08-30T21:04:50Z,2017-09-08T18:12:18Z,385,TRUE,TRUE,TRUE,TRUE,FALSE,23,,11,334,5,3,5,GPL-2.0,,,Korea
56966563,gpustat,wookayin,gpustat,wookayin/gpustat,2016-04-24T10:46:43Z,2017-09-10T16:32:23Z,2017-09-11T00:39:50Z,383,TRUE,TRUE,TRUE,TRUE,FALSE,50,,10,73,3,4,3,MIT,,,Korea
36265972,Android-LockScreenSample-DisableHomeButtonKey,mugku,Android-LockScreenSample-DisableHomeButtonKey,mugku/Android-LockScreenSample-DisableHomeButtonKey,2015-05-26T02:08:42Z,2017-09-06T16:22:51Z,2017-06-22T03:00:47Z,368,TRUE,TRUE,TRUE,TRUE,FALSE,117,,2,50,1,0,3,Apache-2.0,,,Korea
61382500,tensorflow-talk-debugging,wookayin,tensorflow-talk-debugging,wookayin/tensorflow-talk-debugging,2016-06-17T15:09:26Z,2017-09-07T16:49:40Z,2017-02-18T16:52:30Z,354,TRUE,TRUE,TRUE,TRUE,TRUE,85,,3,19,1,0,1,GPL-3.0,,,Korea
11448592,django-summernote,summernote,django-summernote,summernote/django-summernote,2013-07-16T12:07:21Z,2017-09-10T15:35:29Z,2017-09-10T04:27:57Z,353,TRUE,TRUE,TRUE,TRUE,FALSE,97,,35,374,4,29,39,MIT,,,Korea
35147993,CocoaSeeds,devxoul,CocoaSeeds,devxoul/CocoaSeeds,2015-05-06T08:31:21Z,2017-08-30T19:55:45Z,2017-02-15T17:45:51Z,340,TRUE,TRUE,TRUE,TRUE,FALSE,17,,8,200,1,32,8,MIT,,,Korea
73980540,tensorflow-exercises,Kyubyong,tensorflow-exercises,Kyubyong/tensorflow-exercises,2016-11-17T02:07:52Z,2017-09-09T04:28:26Z,2017-08-29T13:37:44Z,333,TRUE,TRUE,TRUE,TRUE,FALSE,113,,1,53,1,0,3,Apache-2.0,,,Korea
5433677,libsass-python,dahlia,libsass-python,dahlia/libsass-python,2012-08-16T01:31:33Z,2017-09-06T14:33:56Z,2017-09-06T14:33:16Z,332,TRUE,FALSE,TRUE,FALSE,TRUE,31,,10,2339,2,39,12,MIT,,,Korea
84079834,ColorPickerView,skydoves,ColorPickerView,skydoves/ColorPickerView,2017-03-06T14:01:27Z,2017-09-07T13:27:09Z,2017-08-08T05:24:03Z,319,TRUE,TRUE,TRUE,TRUE,FALSE,47,,2,21,1,0,3,Apache-2.0,,,Korea
88967109,URWeatherView,jegumhon,URWeatherView,jegumhon/URWeatherView,2017-04-21T09:28:48Z,2017-09-11T02:11:09Z,2017-08-25T07:48:43Z,319,TRUE,TRUE,TRUE,TRUE,FALSE,18,,0,141,6,19,1,MIT,,,Korea
14222962,axisj,thomasJang,axisj,thomasJang/axisj,2013-11-08T03:29:19Z,2017-08-08T14:57:48Z,2017-07-17T12:42:29Z,315,TRUE,TRUE,TRUE,TRUE,TRUE,92,,146,1351,4,41,4,LGPL-2.1,,,Korea
74871410,terjira,keepcosmos,terjira,keepcosmos/terjira,2016-11-27T06:27:23Z,2017-09-04T22:24:39Z,2017-09-04T01:56:10Z,314,TRUE,TRUE,TRUE,TRUE,FALSE,10,,8,100,3,6,28,MIT,,,Korea
40483745,accounting,leekchan,accounting,leekchan/accounting,2015-08-10T13:23:56Z,2017-09-06T15:54:04Z,2017-07-19T05:46:16Z,309,TRUE,TRUE,TRUE,TRUE,FALSE,14,,1,33,2,2,2,MIT,,,Korea
15964309,angular-summernote,summernote,angular-summernote,summernote/angular-summernote,2014-01-16T10:04:35Z,2017-09-09T08:43:20Z,2017-05-10T08:39:27Z,308,TRUE,TRUE,TRUE,FALSE,FALSE,112,,71,183,1,21,15,MIT,,,Korea
3144293,trueskill,sublee,trueskill,sublee/trueskill,2012-01-10T10:06:31Z,2017-08-18T11:06:02Z,2017-04-23T12:11:22Z,307,TRUE,TRUE,TRUE,FALSE,TRUE,36,,3,232,3,6,2,MIT,,,Korea
84613303,YNExpandableCell,younatics,YNExpandableCell,younatics/YNExpandableCell,2017-03-11T00:56:17Z,2017-09-09T21:01:30Z,2017-09-09T11:27:14Z,307,TRUE,TRUE,TRUE,TRUE,FALSE,23,,1,125,2,15,2,MIT,,,Korea
25148471,awesome-sphinxdoc,yoloseem,awesome-sphinxdoc,yoloseem/awesome-sphinxdoc,2014-10-13T07:36:19Z,2017-09-10T09:25:50Z,2017-08-10T05:44:46Z,302,TRUE,TRUE,TRUE,TRUE,FALSE,26,,2,98,1,0,12,MIT,,,Korea
84812790,StickySwitch,GwonHyeok,StickySwitch,GwonHyeok/StickySwitch,2017-03-13T10:18:01Z,2017-09-09T02:18:05Z,2017-09-01T07:25:25Z,295,TRUE,TRUE,TRUE,TRUE,FALSE,49,,3,66,1,12,2,MIT,,,Korea
67399212,sugartensor,buriburisuri,sugartensor,buriburisuri/sugartensor,2016-09-05T07:46:06Z,2017-09-08T21:00:46Z,2017-06-18T23:33:47Z,295,TRUE,TRUE,TRUE,TRUE,TRUE,38,,23,127,3,17,5,MIT,,,Korea
45672765,FishBun,sangcomz,FishBun,sangcomz/FishBun,2015-11-06T09:34:25Z,2017-09-01T02:24:01Z,2017-09-06T16:05:11Z,292,TRUE,TRUE,TRUE,TRUE,TRUE,58,,24,384,8,11,6,Apache-2.0,,,Korea
78282173,highlight,taggon,highlight,taggon/highlight,2017-01-07T14:01:15Z,2017-09-05T17:27:09Z,2017-07-19T05:20:51Z,279,TRUE,TRUE,TRUE,TRUE,FALSE,8,,4,49,1,4,2,MIT,,,Korea
81933178,vue2-admin-lte,devjin0617,vue2-admin-lte,devjin0617/vue2-admin-lte,2017-02-14T10:20:16Z,2017-09-09T10:28:01Z,2017-07-22T10:08:38Z,276,TRUE,TRUE,TRUE,TRUE,TRUE,69,,13,212,2,14,3,MIT,,,Korea
39016076,gtf,leekchan,gtf,leekchan/gtf,2015-07-13T14:11:01Z,2017-08-28T11:05:33Z,2017-07-19T05:28:02Z,262,TRUE,TRUE,TRUE,TRUE,FALSE,10,,1,71,2,0,2,MIT,,,Korea
56836509,react-native-fit-image,huiseoul,react-native-fit-image,huiseoul/react-native-fit-image,2016-04-22T07:43:12Z,2017-09-10T13:58:54Z,2017-08-20T16:14:09Z,261,TRUE,FALSE,TRUE,TRUE,FALSE,28,,7,108,1,21,7,MIT,,,Korea
73341053,ac-gan,buriburisuri,ac-gan,buriburisuri/ac-gan,2016-11-10T02:45:23Z,2017-09-09T18:25:03Z,2017-01-11T05:24:38Z,259,TRUE,TRUE,TRUE,TRUE,FALSE,66,,1,5,1,0,1,MIT,,,Korea
27857842,Unity-QuickSheet,kimsama,Unity-QuickSheet,kimsama/Unity-QuickSheet,2014-12-11T06:42:21Z,2017-09-08T07:31:10Z,2017-07-18T13:12:06Z,249,TRUE,TRUE,TRUE,TRUE,TRUE,49,,7,238,5,11,3,MIT,,,Korea
22027740,scalajs-angular,greencatsoft,scalajs-angular,greencatsoft/scalajs-angular,2014-07-20T06:46:33Z,2017-07-11T20:20:30Z,2017-07-17T06:03:27Z,243,TRUE,TRUE,TRUE,TRUE,FALSE,43,,17,334,2,7,25,Apache-2.0,,,Korea
5853673,hibernate-redis,debop,hibernate-redis,debop/hibernate-redis,2012-09-18T08:53:12Z,2017-09-10T18:13:20Z,2017-07-11T10:14:18Z,238,TRUE,TRUE,TRUE,TRUE,TRUE,138,,16,441,11,37,7,Apache-2.0,,,Korea
101967638,KUIPopOver,Kofktu,KUIPopOver,Kofktu/KUIPopOver,2017-08-31T06:32:59Z,2017-09-11T03:49:20Z,2017-09-09T04:46:58Z,233,TRUE,TRUE,TRUE,TRUE,FALSE,13,,0,29,2,4,1,MIT,,,Korea
45332311,scalechain,ScaleChain,scalechain,ScaleChain/scalechain,2015-11-01T07:52:07Z,2017-09-09T23:11:58Z,2017-09-09T23:11:54Z,231,TRUE,TRUE,TRUE,TRUE,FALSE,71,,11,633,28,5,9,Apache-2.0,,,Korea
101277739,VoiceRipple,wotomas,VoiceRipple,wotomas/VoiceRipple,2017-08-24T09:27:47Z,2017-09-08T06:27:14Z,2017-09-04T23:34:07Z,229,TRUE,TRUE,TRUE,TRUE,FALSE,22,,2,37,3,0,2,Apache-2.0,,,Korea
18265739,geofront,spoqa,geofront,spoqa/geofront,2014-03-30T14:34:46Z,2017-08-08T16:01:41Z,2017-08-06T07:38:52Z,228,TRUE,TRUE,TRUE,FALSE,FALSE,24,,9,248,4,9,15,AGPL-3.0,,,Korea
29851010,AppRTCDemo,njovy,AppRTCDemo,njovy/AppRTCDemo,2015-01-26T08:01:37Z,2017-09-09T18:02:56Z,2017-07-13T23:52:56Z,220,TRUE,TRUE,TRUE,TRUE,FALSE,136,,37,41,2,15,3,Apache-2.0,,,Korea
72621417,ByteNet,buriburisuri,ByteNet,buriburisuri/ByteNet,2016-11-02T08:54:46Z,2017-09-03T10:44:47Z,2017-06-17T04:55:51Z,220,TRUE,TRUE,TRUE,TRUE,FALSE,60,,3,18,2,0,1,MIT,,,Korea
93848675,Umbrella,devxoul,Umbrella,devxoul/Umbrella,2017-06-09T10:38:22Z,2017-09-06T13:26:58Z,2017-08-19T07:44:18Z,214,TRUE,FALSE,TRUE,FALSE,FALSE,6,,4,45,1,9,1,MIT,,,Korea
13824226,ScalableLayout,ssomai,ScalableLayout,ssomai/ScalableLayout,2013-10-24T06:24:18Z,2017-09-07T09:23:03Z,2017-09-06T04:30:48Z,213,TRUE,TRUE,TRUE,TRUE,FALSE,85,,15,193,2,7,3,Apache-2.0,,,Korea
16902695,arcus,naver,arcus,naver/arcus,2014-02-17T05:19:37Z,2017-09-07T11:21:03Z,2017-09-01T01:59:45Z,213,TRUE,TRUE,TRUE,TRUE,TRUE,64,,0,95,2,0,4,Apache-2.0,,,Korea
84173588,Drrrible,devxoul,Drrrible,devxoul/Drrrible,2017-03-07T08:21:53Z,2017-09-07T06:16:28Z,2017-09-10T04:33:18Z,213,TRUE,TRUE,TRUE,TRUE,FALSE,19,,0,215,1,2,3,MIT,,,Korea
38230413,TIL,milooy,TIL,milooy/TIL,2015-06-29T06:00:57Z,2017-09-06T14:00:34Z,2017-07-07T09:32:32Z,206,TRUE,TRUE,TRUE,TRUE,TRUE,63,,0,401,2,0,8,MIT,,,Korea
49814582,TedPicker,ParkSangGwon,TedPicker,ParkSangGwon/TedPicker,2016-01-17T11:30:07Z,2017-09-06T16:44:13Z,2017-04-25T10:02:22Z,199,TRUE,TRUE,TRUE,TRUE,FALSE,67,,28,56,1,7,5,MIT,,,Korea
11975422,summernote-rails,summernote,summernote-rails,summernote/summernote-rails,2013-08-08T12:08:56Z,2017-09-10T08:37:48Z,2017-08-18T13:24:13Z,196,TRUE,TRUE,TRUE,TRUE,TRUE,64,,6,95,3,27,17,MIT,,,Korea
42779186,CppCoreGuidelines,CppKorea,CppCoreGuidelines,CppKorea/CppCoreGuidelines,2015-09-19T15:53:45Z,2017-09-07T10:05:11Z,2017-05-12T07:44:37Z,195,TRUE,TRUE,TRUE,TRUE,TRUE,47,,0,409,2,0,7,GPL-3.0,,,Korea
77405129,resume-for-web-developer,dhparkhub,resume-for-web-developer,dhparkhub/resume-for-web-developer,2016-12-26T20:20:50Z,2017-08-04T06:27:58Z,2017-08-17T18:31:40Z,193,TRUE,TRUE,TRUE,TRUE,FALSE,25,,1,18,1,3,3,BSD-2-Clause,,,Korea
22804608,hashring,serialx,hashring,serialx/hashring,2014-08-10T08:07:38Z,2017-09-01T19:54:01Z,2017-08-11T02:24:05Z,190,TRUE,TRUE,TRUE,TRUE,FALSE,38,,0,29,1,0,86,MIT,,,Korea
63392484,ax-boot-framework,axboot,ax-boot-framework,axboot/ax-boot-framework,2016-07-15T04:47:52Z,2017-09-05T00:13:21Z,2017-09-06T07:50:59Z,187,TRUE,TRUE,TRUE,TRUE,FALSE,38,,18,722,1,4,25,MIT,,,Korea
68453688,ebgan,buriburisuri,ebgan,buriburisuri/ebgan,2016-09-17T13:27:23Z,2017-09-08T20:30:51Z,2017-04-04T05:38:04Z,185,TRUE,TRUE,TRUE,TRUE,FALSE,38,,2,11,1,0,15,MIT,,,Korea
5937690,Textcube,Needlworks,Textcube,Needlworks/Textcube,2012-09-24T16:56:37Z,2017-07-21T09:49:47Z,2017-06-03T13:33:50Z,184,TRUE,TRUE,TRUE,TRUE,FALSE,45,,216,6680,21,85,15,MIT,,,Korea
72720513,SRGAN,buriburisuri,SRGAN,buriburisuri/SRGAN,2016-11-03T07:41:01Z,2017-09-09T02:26:35Z,2017-03-23T23:54:22Z,184,TRUE,TRUE,TRUE,TRUE,FALSE,67,,13,3,1,0,1,MIT,,,Korea
23260250,BKMoneyKit,bkook,BKMoneyKit,bkook/BKMoneyKit,2014-08-23T16:15:51Z,2017-06-30T09:57:57Z,2017-04-14T14:15:33Z,177,TRUE,TRUE,TRUE,TRUE,FALSE,59,,12,63,2,12,11,MIT,,,Korea
91896663,Passcode,cruisediary,Passcode,cruisediary/Passcode,2017-05-20T15:04:33Z,2017-09-01T15:41:42Z,2017-06-23T05:50:52Z,170,TRUE,TRUE,TRUE,TRUE,TRUE,13,,0,15,1,0,7,BSD-3-Clause,,,Korea
54688669,git-training,Taeung,git-training,Taeung/git-training,2016-03-25T02:30:31Z,2017-09-02T06:01:58Z,2017-09-10T14:25:56Z,166,TRUE,TRUE,TRUE,TRUE,FALSE,678,,528,12,2,0,1,Apache-2.0,,,Korea
47495285,video_to_sequence,jazzsaxmafia,video_to_sequence,jazzsaxmafia/video_to_sequence,2015-12-06T12:11:15Z,2017-09-10T23:42:08Z,2017-04-08T09:02:44Z,166,TRUE,TRUE,TRUE,TRUE,FALSE,54,,10,14,1,0,1,BSD-2-Clause,,,Korea
38334762,esp8266_and_arduino,chaeplin,esp8266_and_arduino,chaeplin/esp8266_and_arduino,2015-06-30T21:46:06Z,2017-09-06T08:39:31Z,2017-08-11T15:14:52Z,165,TRUE,TRUE,TRUE,TRUE,FALSE,49,,6,844,1,0,1,GPL-3.0,,,Korea
102413181,go-web-framework-stars,mingrammer,go-web-framework-stars,mingrammer/go-web-framework-stars,2017-09-05T00:08:59Z,2017-09-11T02:38:20Z,2017-09-10T00:30:25Z,165,TRUE,TRUE,TRUE,TRUE,FALSE,16,,3,42,1,0,12,MIT,,,Korea
15524861,jaguarjs-jsdoc,davidshimjs,jaguarjs-jsdoc,davidshimjs/jaguarjs-jsdoc,2013-12-30T09:42:31Z,2017-06-23T10:07:46Z,2017-07-14T21:18:53Z,164,TRUE,TRUE,TRUE,TRUE,FALSE,118,,31,33,1,0,5,MIT,,,Korea
77139995,TensorFlow-ML-Exercises,golbin,TensorFlow-ML-Exercises,golbin/TensorFlow-ML-Exercises,2016-12-22T11:42:56Z,2017-09-07T11:54:20Z,2017-02-26T15:38:36Z,163,TRUE,TRUE,TRUE,TRUE,FALSE,92,,0,9,1,0,1,MIT,,,Korea
10770489,hue-alfred-workflow,benknight,hue-alfred-workflow,benknight/hue-alfred-workflow,2013-06-18T18:33:32Z,2017-09-05T11:24:34Z,2017-08-22T14:53:04Z,163,TRUE,TRUE,TRUE,TRUE,FALSE,20,,2,211,1,7,67,BSD-3-Clause,,,Korea
56951693,Study_TensorFlow,FuZer,Study_TensorFlow,FuZer/Study_TensorFlow,2016-04-24T03:13:12Z,2017-09-05T19:35:53Z,2017-04-10T09:48:15Z,163,TRUE,TRUE,TRUE,TRUE,FALSE,120,,0,41,2,1,3,MIT,,,Korea
65195669,Kiko-plus,AWEEKJ,Kiko-plus,AWEEKJ/Kiko-plus,2016-08-08T10:33:16Z,2017-09-09T03:27:15Z,2017-07-30T06:06:11Z,160,TRUE,TRUE,TRUE,TRUE,TRUE,225,,3,61,2,0,5,MIT,,,Korea
99489471,ExpandableCell,younatics,ExpandableCell,younatics/ExpandableCell,2017-08-06T13:48:53Z,2017-09-10T13:11:02Z,2017-09-09T11:28:15Z,159,TRUE,TRUE,TRUE,TRUE,FALSE,12,,1,74,2,5,2,MIT,,,Korea
30801678,ModernCpp,utilForever,ModernCpp,utilForever/ModernCpp,2015-02-14T16:28:42Z,2017-08-11T02:50:38Z,2017-03-30T09:24:45Z,157,TRUE,TRUE,TRUE,TRUE,FALSE,19,,0,136,1,0,75,MIT,,,Korea
47449796,activate-power-mode,disjukr,activate-power-mode,disjukr/activate-power-mode,2015-12-05T09:18:10Z,2017-09-05T16:23:51Z,2017-04-29T08:52:17Z,153,TRUE,TRUE,TRUE,TRUE,TRUE,33,,2,21,1,0,5,MIT,,,Korea
3469245,dokanx,BenjaminKim,dokanx,BenjaminKim/dokanx,2012-02-17T11:06:03Z,2017-09-01T21:27:11Z,2017-03-27T21:06:42Z,152,TRUE,TRUE,TRUE,TRUE,FALSE,53,,18,84,6,0,1,MIT,,,Korea
77765629,neural_japanese_transliterator,Kyubyong,neural_japanese_transliterator,Kyubyong/neural_japanese_transliterator,2017-01-01T04:20:54Z,2017-07-25T03:01:54Z,2017-07-06T00:33:57Z,149,TRUE,TRUE,TRUE,TRUE,FALSE,14,,0,42,1,0,18,Apache-2.0,,,Korea
45688989,react-chatview,jsdevkr,react-chatview,jsdevkr/react-chatview,2015-11-06T15:11:34Z,2017-09-07T09:31:27Z,2017-08-15T14:53:10Z,145,TRUE,TRUE,TRUE,TRUE,FALSE,32,,6,321,2,6,19,MIT,,,Korea
77008142,word_prediction,Kyubyong,word_prediction,Kyubyong/word_prediction,2016-12-21T02:21:23Z,2017-09-07T19:50:41Z,2017-02-22T01:41:49Z,145,TRUE,TRUE,TRUE,TRUE,FALSE,13,,2,12,1,0,20,GPL-2.0,,,Korea
77309872,react-redux-typescript-boilerplate,rokoroku,react-redux-typescript-boilerplate,rokoroku/react-redux-typescript-boilerplate,2016-12-25T04:10:42Z,2017-09-06T17:38:02Z,2017-09-03T16:48:35Z,144,TRUE,TRUE,TRUE,TRUE,FALSE,53,,3,35,1,0,5,MIT,,,Korea
11745467,rust-encoding,lifthrasiir,rust-encoding,lifthrasiir/rust-encoding,2013-07-29T17:35:09Z,2017-08-25T19:18:20Z,2017-07-11T14:04:23Z,141,TRUE,TRUE,TRUE,FALSE,TRUE,47,,17,329,4,0,1,MIT,,,Korea
97414965,AnyDate,kawoou,AnyDate,kawoou/AnyDate,2017-07-16T22:26:55Z,2017-08-26T14:17:31Z,2017-09-03T06:12:43Z,140,TRUE,TRUE,TRUE,TRUE,TRUE,7,,0,41,3,4,1,MIT,,,Korea
23729666,arcadia,kimtg,arcadia,kimtg/arcadia,2014-09-06T07:43:33Z,2017-08-10T22:47:15Z,2017-04-01T18:38:28Z,139,TRUE,TRUE,TRUE,TRUE,FALSE,19,,3,311,1,13,2,GPL-3.0,,,Korea
12022723,haeinsa,VCNC,haeinsa,VCNC/haeinsa,2013-08-10T15:43:29Z,2017-08-10T01:38:52Z,2017-02-28T07:05:09Z,139,TRUE,TRUE,TRUE,TRUE,FALSE,33,,19,468,2,15,4,Apache-2.0,,,Korea
48925105,shellder,simnalamburt,shellder,simnalamburt/shellder,2016-01-02T21:55:43Z,2017-09-10T01:40:23Z,2017-04-22T01:47:37Z,138,TRUE,TRUE,TRUE,FALSE,FALSE,22,,10,658,1,0,5,MIT,,,Korea
977959,hangulize,sublee,hangulize,sublee/hangulize,2010-10-11T07:09:25Z,2017-08-17T03:25:57Z,2017-05-10T19:30:54Z,137,TRUE,TRUE,TRUE,TRUE,FALSE,25,,8,421,3,1,17,BSD-3-Clause,,,Korea
95981267,CoinNow,DingdingKim,CoinNow,DingdingKim/CoinNow,2017-07-01T18:32:16Z,2017-09-09T05:03:38Z,2017-08-31T19:00:22Z,137,TRUE,TRUE,TRUE,TRUE,FALSE,12,,1,31,1,0,2,BSD-3-Clause,,,Korea
24754084,ensichat,Nutomic,ensichat,Nutomic/ensichat,2014-10-03T10:04:49Z,2017-08-19T11:02:55Z,2017-01-04T02:11:32Z,135,TRUE,TRUE,TRUE,TRUE,FALSE,14,,15,315,3,17,2,MPL-2.0,,,Korea
29945422,afl-fuzz-js,tunz,afl-fuzz-js,tunz/afl-fuzz-js,2015-01-28T01:58:58Z,2017-08-25T01:14:06Z,2017-02-11T18:31:38Z,132,TRUE,TRUE,TRUE,TRUE,FALSE,36,,1,17,1,0,4,BSD-3-Clause,,,Korea
32986842,CloudBread,CloudBreadProject,CloudBread,CloudBreadProject/CloudBread,2015-03-27T13:15:07Z,2017-08-10T01:00:53Z,2017-05-23T13:46:31Z,132,TRUE,TRUE,TRUE,TRUE,FALSE,117,,4,211,7,4,7,MIT,,,Korea
75519218,CAU_Python,yunho0130,CAU_Python,yunho0130/CAU_Python,2016-12-04T05:25:15Z,2017-09-01T03:07:02Z,2017-02-06T02:13:54Z,129,TRUE,TRUE,TRUE,TRUE,FALSE,34,,0,83,1,0,2,GPL-3.0,,,Korea
78395857,neural_chinese_transliterator,Kyubyong,neural_chinese_transliterator,Kyubyong/neural_chinese_transliterator,2017-01-09T05:09:57Z,2017-09-07T13:47:17Z,2017-08-24T02:24:16Z,129,TRUE,TRUE,TRUE,TRUE,FALSE,20,,1,10,2,0,11,MPL-2.0,,,Korea
97375434,AlternativeIcon-Example,KimDarren,AlternativeIcon-Example,KimDarren/AlternativeIcon-Example,2017-07-16T10:16:42Z,2017-09-09T07:42:45Z,2017-07-18T00:21:58Z,128,TRUE,TRUE,TRUE,TRUE,FALSE,10,,0,6,1,0,3,MIT,,,Korea
29896754,okky,okjsp,okky,okjsp/okky,2015-01-27T04:08:45Z,2017-09-04T06:38:09Z,2017-08-29T03:40:51Z,127,TRUE,TRUE,TRUE,TRUE,FALSE,70,,54,372,5,5,18,Apache-2.0,,,Korea
49866239,train-CRF-RNN,martinkersner,train-CRF-RNN,martinkersner/train-CRF-RNN,2016-01-18T09:30:03Z,2017-09-04T07:40:41Z,2017-06-13T17:03:17Z,127,TRUE,TRUE,TRUE,TRUE,FALSE,66,,16,52,1,0,3,MIT,,,Korea
63059545,algorithm-trading-webapp,softage0,algorithm-trading-webapp,softage0/algorithm-trading-webapp,2016-07-11T10:41:12Z,2017-08-14T07:07:37Z,2017-03-09T02:07:51Z,124,TRUE,TRUE,TRUE,TRUE,FALSE,30,,1,22,1,0,1,MIT,,,Korea
68198103,vita-savemgr,d3m3vilurr,vita-savemgr,d3m3vilurr/vita-savemgr,2016-09-14T10:47:28Z,2017-09-08T20:14:39Z,2017-07-31T02:25:26Z,123,TRUE,TRUE,TRUE,TRUE,FALSE,13,,12,115,1,10,6,GPL-3.0,,,Korea
99367789,UICollectionViewFlexLayout,devxoul,UICollectionViewFlexLayout,devxoul/UICollectionViewFlexLayout,2017-08-04T17:58:55Z,2017-09-10T06:27:37Z,2017-09-09T16:32:55Z,123,TRUE,TRUE,TRUE,FALSE,FALSE,4,,0,23,1,4,3,MIT,,,Korea
78223999,whiteglass,yous,whiteglass,yous/whiteglass,2017-01-06T17:13:03Z,2017-09-04T17:48:21Z,2017-06-19T19:06:53Z,118,TRUE,TRUE,TRUE,TRUE,TRUE,64,,2,52,2,6,3,MIT,,,Korea
44791087,CRCN,cesc-park,CRCN,cesc-park/CRCN,2015-10-23T04:37:40Z,2017-08-23T11:49:06Z,2017-04-17T09:38:53Z,118,TRUE,TRUE,TRUE,TRUE,FALSE,50,,1,34,1,0,3,BSD-3-Clause,,,Korea
48284446,PerfCascade,micmro,PerfCascade,micmro/PerfCascade,2015-12-19T14:14:51Z,2017-09-06T17:44:41Z,2017-08-26T12:37:22Z,116,TRUE,TRUE,TRUE,FALSE,TRUE,14,,12,639,5,93,3,MIT,,,Korea
68560316,timeseries_gan,buriburisuri,timeseries_gan,buriburisuri/timeseries_gan,2016-09-19T02:03:05Z,2017-09-08T20:30:59Z,2017-02-24T10:57:43Z,116,TRUE,TRUE,TRUE,TRUE,FALSE,41,,4,4,2,0,15,MIT,,,Korea
28195535,danbi,mu29,danbi,mu29/danbi,2014-12-18T18:14:47Z,2017-09-11T01:30:32Z,2017-08-09T01:38:33Z,116,TRUE,TRUE,TRUE,TRUE,FALSE,174,,3,68,2,1,45,MIT,,,Korea
80783838,quasi-rnn,Kyubyong,quasi-rnn,Kyubyong/quasi-rnn,2017-02-03T00:44:58Z,2017-08-27T23:42:31Z,2017-05-28T11:01:17Z,112,TRUE,TRUE,TRUE,TRUE,FALSE,23,,5,23,1,0,2,Apache-2.0,,,Korea
57950432,textrankr,theeluwin,textrankr,theeluwin/textrankr,2016-05-03T07:36:14Z,2017-09-04T10:49:54Z,2017-08-21T04:21:07Z,111,TRUE,TRUE,TRUE,TRUE,FALSE,14,,2,13,1,3,1,MIT,,,Korea
81185362,graygram-ios,devxoul,graygram-ios,devxoul/graygram-ios,2017-02-07T08:33:51Z,2017-09-09T07:29:00Z,2017-07-13T07:44:36Z,110,TRUE,TRUE,TRUE,TRUE,FALSE,22,,0,372,1,0,1,MIT,,,Korea
78001496,TensorFlowKR-2017-talk-bestpractice,wookayin,TensorFlowKR-2017-talk-bestpractice,wookayin/TensorFlowKR-2017-talk-bestpractice,2017-01-04T09:32:08Z,2017-09-08T11:45:34Z,2017-01-20T14:17:03Z,108,TRUE,TRUE,TRUE,TRUE,TRUE,12,,1,9,1,0,3,MIT,,,Korea
34722008,flowmate,wodory,flowmate,wodory/flowmate,2015-04-28T09:41:43Z,2017-08-28T09:09:57Z,2017-05-10T13:19:00Z,107,TRUE,TRUE,TRUE,TRUE,FALSE,10,,2,47,1,0,3,MIT,,,Korea
58977931,syntaxnet,dsindex,syntaxnet,dsindex/syntaxnet,2016-05-17T00:43:21Z,2017-09-10T03:49:43Z,2017-09-10T03:15:59Z,105,TRUE,TRUE,TRUE,TRUE,FALSE,43,,6,318,1,3,2,MIT,,,Korea
101712011,MotionBook-Source,younatics,MotionBook-Source,younatics/MotionBook-Source,2017-08-29T02:52:53Z,2017-09-09T16:10:01Z,2017-09-09T11:27:55Z,104,TRUE,TRUE,TRUE,TRUE,FALSE,15,,1,27,2,2,1,GPL-3.0,,,Korea
30015369,php-jira-rest-client,lesstif,php-jira-rest-client,lesstif/php-jira-rest-client,2015-01-29T10:28:34Z,2017-09-07T12:35:11Z,2017-08-08T08:45:00Z,103,TRUE,TRUE,TRUE,TRUE,FALSE,69,,3,258,6,62,24,GPL-3.0,,,Korea
9838031,Busanbus-Android,kmshack,Busanbus-Android,kmshack/Busanbus-Android,2013-05-03T14:49:31Z,2017-09-05T14:58:19Z,2017-03-03T06:39:45Z,102,TRUE,TRUE,TRUE,TRUE,FALSE,66,,0,44,1,0,1,GPL-3.0,,,Korea
54081841,DQN_tensorflow,gliese581gg,DQN_tensorflow,gliese581gg/DQN_tensorflow,2016-03-17T02:22:43Z,2017-09-02T00:36:17Z,2017-04-18T07:57:10Z,102,TRUE,TRUE,TRUE,TRUE,FALSE,39,,2,5,1,0,4,MIT,,,Korea
34785156,android-imagecropview,naver,android-imagecropview,naver/android-imagecropview,2015-04-29T09:34:11Z,2017-08-10T12:32:35Z,2017-02-20T08:38:12Z,100,TRUE,TRUE,TRUE,TRUE,FALSE,29,,3,60,2,9,1,Apache-2.0,,,Korea
53642344,QWebview-plus,sculove,QWebview-plus,sculove/QWebview-plus,2016-03-11T05:34:31Z,2017-09-11T02:51:10Z,2017-07-23T03:12:49Z,100,TRUE,TRUE,TRUE,TRUE,FALSE,28,,5,44,2,0,1,MIT,,,Korea
9210662,pokr.kr,teampopong,pokr.kr,teampopong/pokr.kr,2013-04-04T03:58:45Z,2017-08-25T10:35:13Z,2017-04-08T00:53:05Z,100,TRUE,TRUE,TRUE,TRUE,FALSE,35,,28,1511,6,2,9,Apache-2.0,,,Korea
9089901,alfred-extension,jmjeong,alfred-extension,jmjeong/alfred-extension,2013-03-29T01:18:02Z,2017-09-02T15:56:33Z,2017-06-21T02:09:09Z,99,TRUE,TRUE,TRUE,TRUE,TRUE,10,,5,273,3,2,1,Apache-2.0,,,Korea
54725580,LearningOpenGLES2,skyfe79,LearningOpenGLES2,skyfe79/LearningOpenGLES2,2016-03-25T14:55:08Z,2017-09-10T15:02:08Z,2017-08-30T13:00:53Z,99,TRUE,TRUE,TRUE,TRUE,FALSE,26,,2,36,2,0,3,MIT,,,Korea
46257023,nbase-arc,naver,nbase-arc,naver/nbase-arc,2015-11-16T06:47:07Z,2017-09-05T12:31:03Z,2017-08-29T06:27:28Z,98,TRUE,TRUE,TRUE,TRUE,FALSE,25,,0,340,3,13,3,Apache-2.0,,,Korea
74150450,ipytracer,sn0wle0pard,ipytracer,sn0wle0pard/ipytracer,2016-11-18T17:08:28Z,2017-09-04T18:16:50Z,2017-07-16T12:27:35Z,97,TRUE,TRUE,TRUE,TRUE,TRUE,8,,4,119,9,4,3,BSD-3-Clause-Clear,,,Korea
53563041,train-DeepLab,martinkersner,train-DeepLab,martinkersner/train-DeepLab,2016-03-10T07:02:55Z,2017-09-04T07:04:28Z,2017-02-19T04:17:07Z,97,TRUE,TRUE,TRUE,TRUE,FALSE,53,,22,73,1,0,9,MIT,,,Korea
90150895,mnist-svhn-transfer,yunjey,mnist-svhn-transfer,yunjey/mnist-svhn-transfer,2017-05-03T13:16:16Z,2017-08-22T06:48:20Z,2017-05-27T11:55:24Z,97,TRUE,TRUE,TRUE,TRUE,FALSE,16,,1,31,1,0,41,MIT,,,Korea
99474601,Toggler,younatics,Toggler,younatics/Toggler,2017-08-06T08:47:23Z,2017-09-07T03:12:17Z,2017-09-09T11:28:41Z,97,TRUE,TRUE,TRUE,TRUE,FALSE,5,,0,29,1,5,26,MIT,,,Korea
45599689,slack-api,allbegray,slack-api,allbegray/slack-api,2015-11-05T09:03:12Z,2017-09-07T01:15:57Z,2017-08-11T05:46:49Z,96,TRUE,TRUE,TRUE,TRUE,FALSE,54,,5,159,1,20,11,MIT,,,Korea
15818888,HKKTagWriteView,fullc0de,HKKTagWriteView,fullc0de/HKKTagWriteView,2014-01-11T07:50:55Z,2017-05-24T12:31:17Z,2017-07-25T02:42:35Z,96,TRUE,TRUE,TRUE,TRUE,FALSE,14,,0,45,2,9,3,MIT,,,Korea
34430330,react-native-status-bar-size,jgkim,react-native-status-bar-size,jgkim/react-native-status-bar-size,2015-04-23T03:00:47Z,2017-09-06T16:01:48Z,2017-07-29T22:28:21Z,96,TRUE,TRUE,TRUE,FALSE,FALSE,33,,6,33,1,6,6,MIT,,,Korea
33425995,Flask-aiohttp,Hardtack,Flask-aiohttp,Hardtack/Flask-aiohttp,2015-04-05T01:08:14Z,2017-09-06T10:26:07Z,2017-07-24T01:07:46Z,95,TRUE,TRUE,TRUE,TRUE,FALSE,7,,4,10,1,0,3,MIT,,,Korea
86198950,tensorflow-plot,wookayin,tensorflow-plot,wookayin/tensorflow-plot,2017-03-26T01:11:48Z,2017-08-28T13:28:53Z,2017-06-25T04:38:40Z,95,TRUE,TRUE,TRUE,TRUE,FALSE,9,,0,27,1,0,9,MIT,,,Korea
2844179,KoNLP,haven-jeon,KoNLP,haven-jeon/KoNLP,2011-11-24T15:13:37Z,2017-08-19T03:26:07Z,2017-05-26T17:43:02Z,94,TRUE,TRUE,TRUE,TRUE,FALSE,42,,7,237,15,12,3,BSD-3-Clause,,,Korea
45548668,l5essential,appkr,l5essential,appkr/l5essential,2015-11-04T15:37:56Z,2017-08-09T02:21:58Z,2017-02-09T14:14:06Z,94,TRUE,TRUE,TRUE,TRUE,FALSE,40,,5,100,1,49,4,MIT,,,Korea
45548668,l5essential,appkr,l5essential,appkr/l5essential,2015-11-04T15:37:56Z,2017-08-09T02:21:58Z,2017-02-09T14:14:06Z,94,TRUE,TRUE,TRUE,TRUE,FALSE,40,,5,100,1,49,4,MIT,,,Korea
48737613,teaspoon,KoMinkyu,teaspoon,KoMinkyu/teaspoon,2015-12-29T08:42:35Z,2017-08-14T09:32:34Z,2017-07-06T05:54:40Z,93,TRUE,TRUE,TRUE,TRUE,TRUE,7,,2,103,4,9,15,Apache-2.0,,,Korea
39574483,HorizontalDial,kciter,HorizontalDial,kciter/HorizontalDial,2015-07-23T15:13:41Z,2017-09-07T09:08:59Z,2017-09-02T01:19:32Z,93,TRUE,TRUE,TRUE,TRUE,FALSE,8,,3,62,3,8,5,MIT,,,Korea
32058433,angular.panels,eu81273,angular.panels,eu81273/angular.panels,2015-03-12T05:15:56Z,2017-09-05T11:51:40Z,2017-02-14T10:14:16Z,92,TRUE,TRUE,TRUE,TRUE,TRUE,39,,8,19,2,2,1,MIT,,,Korea
29854528,UINavigationItem-Margin,devxoul,UINavigationItem-Margin,devxoul/UINavigationItem-Margin,2015-01-26T09:41:26Z,2017-08-17T02:21:54Z,2017-04-02T15:14:23Z,91,TRUE,TRUE,TRUE,TRUE,FALSE,11,,0,31,1,5,6,MIT,,,Korea
56316387,readability,keepcosmos,readability,keepcosmos/readability,2016-04-15T11:50:50Z,2017-09-05T11:31:31Z,2017-08-23T05:39:32Z,90,TRUE,TRUE,TRUE,TRUE,FALSE,16,,6,61,3,0,10,Apache-2.0,,,Korea
93305304,tacotron_asr,Kyubyong,tacotron_asr,Kyubyong/tacotron_asr,2017-06-04T10:11:34Z,2017-09-06T01:25:47Z,2017-06-13T07:36:22Z,90,TRUE,TRUE,TRUE,TRUE,FALSE,13,,4,22,1,0,7,Apache-2.0,,,Korea
11903458,allkdic,devxoul,allkdic,devxoul/allkdic,2013-08-05T16:43:02Z,2017-09-08T00:03:53Z,2017-05-19T06:43:18Z,90,TRUE,TRUE,TRUE,TRUE,TRUE,19,,10,241,2,11,3,MIT,,,Korea
81304886,awesome-blogs-android,jungilhan,awesome-blogs-android,jungilhan/awesome-blogs-android,2017-02-08T08:15:56Z,2017-08-31T14:04:44Z,2017-09-03T04:42:29Z,89,TRUE,TRUE,TRUE,TRUE,FALSE,21,,6,250,2,14,5,BSD-2-Clause,,,Korea
46178925,xpressengine,xpressengine,xpressengine,xpressengine/xpressengine,2015-11-14T15:03:04Z,2017-08-26T06:14:42Z,2017-09-08T07:15:21Z,86,TRUE,TRUE,TRUE,FALSE,FALSE,34,,13,2455,19,28,1,LGPL-2.1,,,Korea
19526501,EconomyS,onebone,EconomyS,onebone/EconomyS,2014-05-07T08:16:17Z,2017-09-08T10:44:47Z,2017-09-10T01:51:49Z,86,TRUE,TRUE,TRUE,TRUE,FALSE,80,,31,404,2,15,22,GPL-3.0,,,Korea
58439095,nirum,spoqa,nirum,spoqa/nirum,2016-05-10T07:25:53Z,2017-08-27T00:16:31Z,2017-08-30T05:21:43Z,86,TRUE,TRUE,TRUE,FALSE,FALSE,16,,39,428,1,1,10,GPL-3.0,,,Korea
92802203,tf-seq2seq,JayParks,tf-seq2seq,JayParks/tf-seq2seq,2017-05-30T05:49:34Z,2017-09-10T14:34:42Z,2017-08-08T14:22:59Z,86,TRUE,TRUE,TRUE,TRUE,FALSE,20,,5,53,1,0,49,BSD-3-Clause,,,Korea
4417756,korean,sublee,korean,sublee/korean,2012-05-23T08:35:01Z,2017-06-02T14:03:06Z,2017-03-30T15:52:43Z,86,TRUE,TRUE,TRUE,TRUE,FALSE,19,,4,131,1,1,49,BSD-3-Clause,,,Korea
7124165,Hangul.js,e-,Hangul.js,e-/Hangul.js,2012-12-12T04:14:03Z,2017-08-29T02:40:33Z,2017-06-12T02:27:36Z,85,TRUE,TRUE,TRUE,TRUE,TRUE,21,,3,70,2,3,2,MIT,,,Korea
18371448,wp-theme-eighties,kopepasah,wp-theme-eighties,kopepasah/wp-theme-eighties,2014-04-02T15:33:39Z,2017-06-21T17:18:39Z,2017-04-27T17:36:01Z,85,TRUE,TRUE,TRUE,FALSE,FALSE,16,,3,223,4,9,1,MIT,,,Korea
70475599,PyramidNet,jhkim89,PyramidNet,jhkim89/PyramidNet,2016-10-10T10:00:48Z,2017-09-10T08:19:20Z,2017-07-19T08:02:55Z,84,TRUE,TRUE,TRUE,TRUE,FALSE,26,,0,42,1,0,1,BSD-3-Clause,,,Korea
67129075,review,jojoldu,review,jojoldu/review,2016-09-01T12:28:00Z,2017-09-01T18:05:43Z,2017-08-20T12:38:43Z,84,TRUE,TRUE,TRUE,TRUE,FALSE,4,,0,101,2,0,13,MIT,,,Korea
96111265,visual-interaction-networks_tensorflow,jaesik817,visual-interaction-networks_tensorflow,jaesik817/visual-interaction-networks_tensorflow,2017-07-03T13:00:30Z,2017-08-29T02:27:01Z,2017-07-22T08:06:21Z,84,TRUE,TRUE,TRUE,TRUE,FALSE,19,,1,28,1,0,13,MIT,,,Korea
32057513,netty-startup,hatemogi,netty-startup,hatemogi/netty-startup,2015-03-12T04:46:28Z,2017-09-08T01:39:55Z,2017-05-17T14:13:51Z,83,TRUE,TRUE,TRUE,TRUE,TRUE,40,,0,92,3,4,3,Apache-2.0,,,Korea
10541928,Ralf_Dev,goody80,Ralf_Dev,goody80/Ralf_Dev,2013-06-07T03:43:25Z,2017-08-25T08:28:34Z,2017-09-05T08:20:19Z,83,TRUE,TRUE,TRUE,TRUE,TRUE,9,,0,259,2,2,1,LGPL-2.1,,,Korea
46330417,svg-inline-react,sairion,svg-inline-react,sairion/svg-inline-react,2015-11-17T07:28:44Z,2017-07-20T14:22:33Z,2017-09-09T03:28:58Z,82,TRUE,TRUE,TRUE,TRUE,FALSE,21,,7,36,1,11,4,MIT,,,Korea
30538018,carousel-3d,PAIO-CO-KR,carousel-3d,PAIO-CO-KR/carousel-3d,2015-02-09T13:52:49Z,2017-08-20T14:19:16Z,2017-02-16T00:48:59Z,81,TRUE,TRUE,TRUE,TRUE,TRUE,38,,4,155,3,21,6,MIT,,,Korea
5622925,elasticsearch-analysis-korean,chanil1218,elasticsearch-analysis-korean,chanil1218/elasticsearch-analysis-korean,2012-08-31T00:48:58Z,2017-09-06T07:31:19Z,2017-04-10T17:44:06Z,80,TRUE,TRUE,TRUE,TRUE,FALSE,40,,10,12,1,0,2,Apache-2.0,,,Korea
79647613,ElasticViews,skydoves,ElasticViews,skydoves/ElasticViews,2017-01-21T13:34:12Z,2017-09-07T13:26:52Z,2017-08-01T13:45:07Z,80,TRUE,TRUE,TRUE,TRUE,FALSE,9,,0,19,1,0,2,Apache-2.0,,,Korea
82669006,neodgm,Dalgona,neodgm,Dalgona/neodgm,2017-02-21T10:50:54Z,2017-09-06T08:32:45Z,2017-06-16T13:11:16Z,80,TRUE,TRUE,TRUE,TRUE,TRUE,0,,0,21,2,2,3,MIT,,,Korea
92382681,tf-exercise-gan,sanghoon,tf-exercise-gan,sanghoon/tf-exercise-gan,2017-05-25T08:35:25Z,2017-09-09T07:15:57Z,2017-09-09T21:52:41Z,80,TRUE,TRUE,TRUE,TRUE,FALSE,22,,1,18,2,0,0,MIT,,,Korea
91910288,RxViewController,devxoul,RxViewController,devxoul/RxViewController,2017-05-20T19:03:10Z,2017-09-02T20:52:17Z,2017-08-19T07:45:18Z,80,TRUE,TRUE,TRUE,TRUE,FALSE,3,,2,11,1,2,1,MIT,,,Korea
5335709,u-boot,hardkernel,u-boot,hardkernel/u-boot,2012-08-08T01:28:07Z,2017-07-25T16:52:11Z,2017-09-08T02:51:12Z,79,TRUE,TRUE,TRUE,TRUE,FALSE,104,,17,11849,9,79,154,GPL-2.0,,,Korea
87027769,attend2u,cesc-park,attend2u,cesc-park/attend2u,2017-04-03T01:13:59Z,2017-09-08T19:11:39Z,2017-05-13T07:42:10Z,79,TRUE,TRUE,TRUE,TRUE,FALSE,21,,2,9,1,0,2,MIT,,,Korea
7542873,itunes-iap,youknowone,itunes-iap,youknowone/itunes-iap,2013-01-10T15:02:42Z,2017-08-23T12:17:04Z,2017-08-07T05:48:59Z,79,TRUE,TRUE,TRUE,TRUE,FALSE,44,,1,132,3,24,16,BSD-2-Clause,,,Korea
77893466,coffeefy,taggon,coffeefy,taggon/coffeefy,2017-01-03T07:19:44Z,2017-08-25T12:52:47Z,2017-01-13T10:54:55Z,79,TRUE,TRUE,TRUE,TRUE,FALSE,6,,0,27,1,4,1,MIT,,,Korea
55330991,Unreal.js-core,ncsoft,Unreal.js-core,ncsoft/Unreal.js-core,2016-04-03T05:19:00Z,2017-09-07T16:10:36Z,2017-09-07T08:04:08Z,78,TRUE,TRUE,TRUE,TRUE,FALSE,36,,8,471,21,18,8,MIT,,,Korea
7741715,multiline,benelog,multiline,benelog/multiline,2013-01-21T22:30:51Z,2017-08-24T03:28:50Z,2017-03-13T21:37:37Z,75,TRUE,TRUE,TRUE,TRUE,FALSE,11,,7,30,1,2,3,MIT,,,Korea
23629593,just-news,disjukr,just-news,disjukr/just-news,2014-09-03T17:10:03Z,2017-07-30T22:32:01Z,2017-04-24T13:51:29Z,75,TRUE,TRUE,TRUE,TRUE,FALSE,21,,21,582,2,13,5,MIT,,,Korea
88152875,Vector_Similarity,taki0112,Vector_Similarity,taki0112/Vector_Similarity,2017-04-13T10:20:57Z,2017-09-09T11:11:13Z,2017-05-16T13:52:22Z,74,TRUE,TRUE,TRUE,TRUE,FALSE,11,,0,44,1,0,1,MIT,,,Korea
60787998,tossi,what-studio,tossi,what-studio/tossi,2016-06-09T16:03:26Z,2017-09-10T11:33:31Z,2017-08-07T01:29:37Z,74,TRUE,FALSE,TRUE,FALSE,FALSE,6,,0,46,2,6,8,BSD-3-Clause,,,Korea
68825921,tensorflow-vdsr,Jongchan,tensorflow-vdsr,Jongchan/tensorflow-vdsr,2016-09-21T14:35:28Z,2017-08-11T20:43:52Z,2017-05-25T11:06:40Z,74,TRUE,TRUE,TRUE,TRUE,FALSE,42,,4,16,1,0,1,MIT,,,Korea
10320926,sqlalchemy-imageattach,dahlia,sqlalchemy-imageattach,dahlia/sqlalchemy-imageattach,2013-05-27T19:10:29Z,2017-09-07T15:48:33Z,2017-03-21T12:14:56Z,74,TRUE,TRUE,TRUE,FALSE,FALSE,17,,23,163,1,6,11,MIT,,,Korea
39564222,spring-boot-social-example,brant-hwang,spring-boot-social-example,brant-hwang/spring-boot-social-example,2015-07-23T11:44:54Z,2017-08-23T18:00:08Z,2017-04-17T08:04:37Z,73,TRUE,TRUE,TRUE,TRUE,FALSE,51,,1,30,1,0,2,MIT,,,Korea
40135742,Carte,devxoul,Carte,devxoul/Carte,2015-08-03T16:33:12Z,2017-09-04T03:58:43Z,2017-08-30T06:04:29Z,72,TRUE,TRUE,TRUE,TRUE,FALSE,5,,0,78,1,12,4,MIT,,,Korea
57966364,LearningOpenGLES2-Android,skyfe79,LearningOpenGLES2-Android,skyfe79/LearningOpenGLES2-Android,2016-05-03T12:07:51Z,2017-09-07T13:43:56Z,2017-08-29T04:08:24Z,71,TRUE,TRUE,TRUE,TRUE,FALSE,18,,2,59,22,0,1,MIT,,,Korea
94279342,SkeletonLoadingView,omjoonkim,SkeletonLoadingView,omjoonkim/SkeletonLoadingView,2017-06-14T02:23:51Z,2017-09-09T04:29:58Z,2017-07-01T07:05:10Z,71,TRUE,TRUE,TRUE,TRUE,FALSE,8,,0,13,1,0,1,Apache-2.0,,,Korea
89996560,WRCalendarView,wayfinders,WRCalendarView,wayfinders/WRCalendarView,2017-05-02T05:55:29Z,2017-08-30T06:07:13Z,2017-07-11T11:36:23Z,71,TRUE,TRUE,TRUE,TRUE,FALSE,12,,8,12,2,2,1,MIT,,,Korea
41398721,Propose,muabe,Propose,muabe/Propose,2015-08-26T02:05:36Z,2017-09-07T20:50:45Z,2017-06-19T05:39:58Z,70,TRUE,TRUE,TRUE,TRUE,FALSE,22,,3,179,2,1,6,Apache-2.0,,,Korea
12374977,MintAnnotationView,soleaf,MintAnnotationView,soleaf/MintAnnotationView,2013-08-26T08:55:55Z,2017-09-08T11:30:05Z,2017-08-05T13:06:22Z,69,TRUE,TRUE,TRUE,TRUE,FALSE,9,,1,39,2,0,1,MIT,,,Korea
51805268,SendBird-JavaScript,smilefam,SendBird-JavaScript,smilefam/SendBird-JavaScript,2016-02-16T03:31:46Z,2017-09-05T12:24:21Z,2017-08-22T05:02:04Z,69,TRUE,TRUE,TRUE,TRUE,FALSE,57,,8,118,2,0,8,MIT,,,Korea
95279435,music-source-separation,andabi,music-source-separation,andabi/music-source-separation,2017-06-24T06:14:07Z,2017-09-08T20:50:32Z,2017-07-29T11:31:31Z,69,TRUE,TRUE,TRUE,TRUE,TRUE,10,,5,36,2,0,1,MIT,,,Korea
82022918,Sniffer,Kofktu,Sniffer,Kofktu/Sniffer,2017-02-15T05:15:07Z,2017-09-04T14:31:37Z,2017-08-17T02:19:10Z,69,TRUE,TRUE,TRUE,TRUE,FALSE,7,,1,63,2,7,58,MIT,,,Korea
9614221,excel2json,coolengineer,excel2json,coolengineer/excel2json,2013-04-23T03:20:50Z,2017-09-07T09:58:59Z,2017-04-17T23:09:49Z,68,TRUE,TRUE,TRUE,TRUE,FALSE,21,,6,22,1,0,1,MIT,,,Korea
35602428,lucy-xss-servlet-filter,naver,lucy-xss-servlet-filter,naver/lucy-xss-servlet-filter,2015-05-14T09:17:35Z,2017-08-18T05:07:18Z,2017-01-20T05:45:23Z,67,TRUE,TRUE,TRUE,TRUE,FALSE,24,,4,128,1,1,4,MIT,,,Korea
68892954,RxFirebase,kunny,RxFirebase,kunny/RxFirebase,2016-09-22T06:49:10Z,2017-09-06T13:26:16Z,2017-07-30T07:35:23Z,67,TRUE,TRUE,TRUE,TRUE,FALSE,7,,4,88,2,20,2,Apache-2.0,,,Korea
51804236,SendBird-iOS,smilefam,SendBird-iOS,smilefam/SendBird-iOS,2016-02-16T03:12:09Z,2017-08-28T20:03:03Z,2017-08-31T16:55:27Z,67,TRUE,TRUE,TRUE,TRUE,FALSE,26,,8,189,3,86,3,MIT,,,Korea
50103759,web-service-hardening,lesstif,web-service-hardening,lesstif/web-service-hardening,2016-01-21T11:42:29Z,2017-09-08T12:18:39Z,2017-06-19T04:34:12Z,67,TRUE,TRUE,TRUE,TRUE,FALSE,14,,3,96,2,24,2,MIT,,,Korea
67048120,CodingGirls,lsm1987,CodingGirls,lsm1987/CodingGirls,2016-08-31T15:06:04Z,2017-07-28T08:41:16Z,2017-01-09T13:50:07Z,66,TRUE,TRUE,TRUE,TRUE,FALSE,15,,0,41,1,2,1,MIT,,,Korea
92253100,flybook,rhiokim,flybook,rhiokim/flybook,2017-05-24T05:25:19Z,2017-09-07T21:24:52Z,2017-08-03T11:54:38Z,66,TRUE,TRUE,TRUE,TRUE,TRUE,8,,10,124,4,22,4,MIT,,,Korea
68689584,supervised_infogan,buriburisuri,supervised_infogan,buriburisuri/supervised_infogan,2016-09-20T08:12:25Z,2017-08-22T13:10:11Z,2017-05-16T06:41:55Z,66,TRUE,TRUE,TRUE,TRUE,FALSE,17,,4,3,1,0,15,MIT,,,Korea
95863499,funmath,mingrammer,funmath,mingrammer/funmath,2017-06-30T07:49:23Z,2017-08-10T17:05:58Z,2017-08-09T01:37:41Z,66,TRUE,TRUE,TRUE,TRUE,FALSE,4,,0,31,1,0,5,MIT,,,Korea
53405301,DynamixelSDK,ROBOTIS-GIT,DynamixelSDK,ROBOTIS-GIT/DynamixelSDK,2016-03-08T10:57:49Z,2017-09-08T07:04:07Z,2017-08-31T01:08:39Z,65,TRUE,TRUE,TRUE,TRUE,FALSE,50,,10,285,3,16,8,Apache-2.0,,,Korea
56137357,TweetDeckPlayer,sokcuri,TweetDeckPlayer,sokcuri/TweetDeckPlayer,2016-04-13T09:09:03Z,2017-09-04T05:27:18Z,2017-09-03T07:44:32Z,65,TRUE,TRUE,TRUE,TRUE,FALSE,17,,21,547,4,28,13,MIT,,,Korea
23489115,ARMSCGen,alexpark07,ARMSCGen,alexpark07/ARMSCGen,2014-08-30T10:00:16Z,2017-08-28T15:50:24Z,2017-08-26T04:33:01Z,65,TRUE,TRUE,TRUE,TRUE,FALSE,18,,2,98,3,0,3,GPL-2.0,,,Korea
78100388,awesome-blogs,BenjaminKim,awesome-blogs,BenjaminKim/awesome-blogs,2017-01-05T09:45:21Z,2017-09-06T10:28:25Z,2017-09-10T09:31:52Z,65,TRUE,TRUE,TRUE,TRUE,FALSE,9,,1,207,2,0,2,MIT,,,Korea
43906082,SelectionDialog,kciter,SelectionDialog,kciter/SelectionDialog,2015-10-08T17:37:53Z,2017-08-27T10:20:16Z,2017-09-02T01:19:58Z,65,TRUE,TRUE,TRUE,TRUE,FALSE,11,,0,47,3,10,2,MIT,,,Korea
71129592,MoyaSugar,devxoul,MoyaSugar,devxoul/MoyaSugar,2016-10-17T11:09:05Z,2017-09-04T04:00:30Z,2017-09-08T01:59:15Z,65,TRUE,TRUE,TRUE,TRUE,FALSE,12,,2,65,1,8,6,MIT,,,Korea
29962862,gradle-github-plugin,riiid,gradle-github-plugin,riiid/gradle-github-plugin,2015-01-28T10:41:48Z,2017-08-11T04:55:35Z,2017-04-25T12:27:28Z,64,TRUE,TRUE,TRUE,TRUE,FALSE,8,,6,44,1,7,2,Apache-2.0,,,Korea
59639412,youtube-android-player-helper,JackDinealKIM,youtube-android-player-helper,JackDinealKIM/youtube-android-player-helper,2016-05-25T07:07:58Z,2017-08-07T02:34:18Z,2017-07-27T05:52:44Z,63,TRUE,TRUE,TRUE,TRUE,FALSE,20,,2,26,1,0,2,Apache-2.0,,,Korea
62090161,react-summernote,summernote,react-summernote,summernote/react-summernote,2016-06-27T21:39:23Z,2017-09-08T10:56:58Z,2017-09-01T14:56:42Z,63,TRUE,TRUE,TRUE,TRUE,FALSE,23,,8,43,1,2,5,MIT,,,Korea
56565239,buble-loader,sairion,buble-loader,sairion/buble-loader,2016-04-19T04:42:43Z,2017-09-07T15:08:45Z,2017-05-05T12:23:55Z,63,TRUE,TRUE,TRUE,TRUE,FALSE,18,,4,41,1,8,10,MIT,,,Korea
41566485,nsmc,e9t,nsmc,e9t/nsmc,2015-08-28T19:57:57Z,2017-09-07T13:36:52Z,2017-03-07T15:16:43Z,63,TRUE,TRUE,TRUE,TRUE,FALSE,26,,1,9,1,1,1,Apache-2.0,,,Korea
79986930,BPStatusBarAlert,ppth0608,BPStatusBarAlert,ppth0608/BPStatusBarAlert,2017-01-25T05:48:08Z,2017-08-07T03:39:24Z,2017-03-22T04:39:05Z,63,TRUE,TRUE,TRUE,TRUE,FALSE,6,,4,32,1,5,1,MIT,,,Korea
38745055,awesome-spring-boot,stunstunstun,awesome-spring-boot,stunstunstun/awesome-spring-boot,2015-07-08T09:35:46Z,2017-09-08T14:46:20Z,2017-06-11T06:25:19Z,62,TRUE,TRUE,TRUE,TRUE,FALSE,35,,0,120,1,0,1,Apache-2.0,,,Korea
9358883,meetup,ModernPUG,meetup,ModernPUG/meetup,2013-04-11T00:22:23Z,2017-08-29T01:56:59Z,2017-09-08T02:45:45Z,62,TRUE,TRUE,TRUE,TRUE,FALSE,20,,0,190,1,0,1,AGPL-3.0,,,Korea
75617975,SRCNN-Tensorflow,tegg89,SRCNN-Tensorflow,tegg89/SRCNN-Tensorflow,2016-12-05T11:21:29Z,2017-09-03T14:22:10Z,2017-03-02T01:45:20Z,62,TRUE,TRUE,TRUE,TRUE,FALSE,29,,2,27,1,0,1,MIT,,,Korea
23997097,YousList,yous,YousList,yous/YousList,2014-09-13T15:03:04Z,2017-09-06T04:44:46Z,2017-09-06T04:08:15Z,62,TRUE,TRUE,TRUE,TRUE,FALSE,9,,0,960,1,179,1,MIT,,,Korea
39832985,framework,samchon,framework,samchon/framework,2015-07-28T12:38:14Z,2017-07-17T17:26:30Z,2017-08-23T09:02:01Z,62,TRUE,TRUE,TRUE,TRUE,FALSE,18,,0,341,4,3,1,BSD-3-Clause,,,Korea
3332241,kobuki,yujinrobot,kobuki,yujinrobot/kobuki,2012-02-02T05:27:27Z,2017-09-02T12:01:36Z,2017-04-01T19:43:59Z,62,TRUE,TRUE,TRUE,FALSE,TRUE,74,,20,1352,15,48,15,MIT,,,Korea
33473788,honey,haandol,honey,haandol/honey,2015-04-06T08:47:16Z,2017-08-25T20:00:21Z,2017-08-17T05:36:38Z,61,TRUE,TRUE,TRUE,FALSE,FALSE,18,,0,54,1,2,1,MIT,,,Korea
45903749,smartcrop-android,QuadFlask,smartcrop-android,QuadFlask/smartcrop-android,2015-11-10T10:08:51Z,2017-08-22T11:59:50Z,2017-01-31T08:15:37Z,60,TRUE,TRUE,TRUE,TRUE,FALSE,19,,5,28,1,2,1,LGPL-2.1,,,Korea
73777603,saturn,proin,saturn,proin/saturn,2016-11-15T04:54:55Z,2017-08-19T08:28:37Z,2017-04-24T04:06:06Z,60,TRUE,TRUE,TRUE,TRUE,FALSE,11,,0,167,2,29,4,MIT,,,Korea
50482588,tstl,samchon,tstl,samchon/tstl,2016-01-27T04:55:26Z,2017-08-23T11:16:43Z,2017-09-01T04:33:12Z,60,TRUE,FALSE,TRUE,TRUE,FALSE,10,,0,274,18,13,2,BSD-3-Clause,,,Korea
58048442,N2H4,forkonlp,N2H4,forkonlp/N2H4,2016-05-04T11:57:59Z,2017-09-07T07:55:16Z,2017-08-21T18:02:04Z,60,TRUE,TRUE,TRUE,TRUE,TRUE,37,,1,297,2,0,1,GPL-3.0,,,Korea
94205892,forward-thinking-pytorch,kimhc6028,forward-thinking-pytorch,kimhc6028/forward-thinking-pytorch,2017-06-13T11:31:25Z,2017-07-18T04:20:58Z,2017-06-14T00:48:29Z,60,TRUE,TRUE,TRUE,TRUE,FALSE,6,,0,10,1,0,5,BSD-3-Clause,,,Korea
65238963,RxExpect,devxoul,RxExpect,devxoul/RxExpect,2016-08-08T21:00:48Z,2017-08-30T06:31:51Z,2017-08-09T06:00:40Z,60,TRUE,TRUE,TRUE,TRUE,FALSE,5,,1,107,1,17,1,MIT,,,Korea
26475964,axu4j,hyunjun19,axu4j,hyunjun19/axu4j,2014-11-11T08:26:53Z,2017-07-19T17:00:49Z,2017-03-03T12:16:56Z,60,TRUE,TRUE,TRUE,TRUE,TRUE,15,,0,154,3,8,3,LGPL-2.1,,,Korea
26475307,ioLibrary_Driver,Wiznet,ioLibrary_Driver,Wiznet/ioLibrary_Driver,2014-11-11T08:03:39Z,2017-09-01T09:32:38Z,2017-09-04T03:32:26Z,59,TRUE,TRUE,TRUE,TRUE,FALSE,47,,0,58,3,18,1,GPL-2.0,,,Korea
20631040,spring-trace,holyeye,spring-trace,holyeye/spring-trace,2014-06-09T01:34:11Z,2017-09-08T01:05:56Z,2017-05-18T01:46:37Z,59,TRUE,TRUE,TRUE,TRUE,FALSE,17,,2,26,1,2,1,Apache-2.0,,,Korea
52447399,kotlin-spring-example,arawn,kotlin-spring-example,arawn/kotlin-spring-example,2016-02-24T14:13:26Z,2017-08-20T14:21:09Z,2017-05-19T09:10:28Z,59,TRUE,TRUE,TRUE,TRUE,FALSE,19,,0,7,1,0,1,Apache-2.0,,,Korea
52032975,libreirc,libreirc,libreirc,libreirc/libreirc,2016-02-18T19:32:10Z,2017-05-04T20:24:00Z,2017-03-02T06:58:56Z,59,TRUE,TRUE,TRUE,FALSE,FALSE,5,,15,206,4,0,3,AGPL-3.0,,,Korea
48437670,dcgan_tensorflow,jazzsaxmafia,dcgan_tensorflow,jazzsaxmafia/dcgan_tensorflow,2015-12-22T14:53:11Z,2017-08-12T05:06:51Z,2017-04-17T00:40:21Z,59,TRUE,TRUE,TRUE,TRUE,FALSE,19,,2,16,1,0,4,MIT,,,Korea
91171935,multi-object-tracker,eveningglow,multi-object-tracker,eveningglow/multi-object-tracker,2017-05-13T12:14:19Z,2017-09-08T17:05:33Z,2017-06-28T02:36:40Z,59,TRUE,TRUE,TRUE,TRUE,FALSE,33,,0,5,1,0,1,GPL-3.0,,,Korea
67382094,yay,Jguer,yay,Jguer/yay,2016-09-05T02:41:34Z,2017-09-09T15:01:58Z,2017-09-05T15:04:02Z,58,TRUE,TRUE,TRUE,FALSE,FALSE,6,,16,165,2,7,5,GPL-3.0,,,Korea
89126077,diffmonster,dittos,diffmonster,dittos/diffmonster,2017-04-23T07:54:25Z,2017-08-28T07:35:47Z,2017-07-12T14:02:42Z,57,TRUE,TRUE,TRUE,TRUE,TRUE,2,,6,108,2,0,1,GPL-3.0,,,Korea
18316426,practice,honux77,practice,honux77/practice,2014-04-01T03:23:15Z,2017-09-02T10:24:09Z,2017-09-07T07:13:29Z,57,TRUE,TRUE,TRUE,TRUE,FALSE,12,,0,133,8,0,7,MIT,,,Korea
75397271,pyreportcard,mingrammer,pyreportcard,mingrammer/pyreportcard,2016-12-02T13:18:35Z,2017-08-11T03:04:40Z,2017-08-10T16:53:22Z,57,TRUE,TRUE,TRUE,TRUE,FALSE,9,,6,109,1,0,1,MIT,,,Korea
74014175,armatis,iBluemind,armatis,iBluemind/armatis,2016-11-17T10:01:39Z,2017-04-07T16:13:48Z,2017-01-12T02:01:25Z,57,TRUE,TRUE,TRUE,FALSE,FALSE,5,,0,36,1,3,7,BSD-2-Clause,,,Korea
76531540,DeviceLayout,cruisediary,DeviceLayout,cruisediary/DeviceLayout,2016-12-15T06:43:03Z,2017-08-24T08:27:20Z,2017-05-13T13:45:33Z,57,TRUE,TRUE,TRUE,TRUE,FALSE,6,,1,46,5,4,1,MIT,,,Korea
91157631,MGRelativeKit,magi82,MGRelativeKit,magi82/MGRelativeKit,2017-05-13T07:36:08Z,2017-08-27T08:31:30Z,2017-05-16T17:14:33Z,57,TRUE,TRUE,TRUE,TRUE,FALSE,3,,0,44,1,5,1,MIT,,,Korea
102488440,MediaBrowser,younatics,MediaBrowser,younatics/MediaBrowser,2017-09-05T14:01:32Z,2017-09-11T03:59:16Z,2017-09-11T03:54:34Z,57,TRUE,TRUE,TRUE,TRUE,TRUE,7,,1,209,5,10,6,MIT,,,Korea
101030911,dong_iccv_2017,woozzu,dong_iccv_2017,woozzu/dong_iccv_2017,2017-08-22T06:49:52Z,2017-09-07T11:58:20Z,2017-08-24T08:48:48Z,56,TRUE,TRUE,TRUE,TRUE,FALSE,2,,0,4,1,0,1,MIT,,,Korea
95520335,Interaction-networks_tensorflow,jaesik817,Interaction-networks_tensorflow,jaesik817/Interaction-networks_tensorflow,2017-06-27T05:20:40Z,2017-08-29T02:26:53Z,2017-07-10T01:33:58Z,56,TRUE,TRUE,TRUE,TRUE,FALSE,9,,1,29,1,0,1,MIT,,,Korea
10915330,controldlna,Nutomic,controldlna,Nutomic/controldlna,2013-06-24T17:43:27Z,2017-06-07T13:47:55Z,2017-06-11T13:31:11Z,55,FALSE,TRUE,TRUE,FALSE,FALSE,29,,12,175,1,14,12,BSD-3-Clause,,,Korea
35827335,KOMORAN,shin285,KOMORAN,shin285/KOMORAN,2015-05-18T15:53:54Z,2017-09-07T10:22:03Z,2017-07-18T16:08:09Z,55,TRUE,TRUE,TRUE,TRUE,FALSE,17,,8,140,5,20,1,Apache-2.0,,,Korea
65962383,petal,shakrmedia,petal,shakrmedia/petal,2016-08-18T03:32:49Z,2017-08-20T02:20:29Z,2017-08-01T05:21:19Z,55,TRUE,TRUE,TRUE,FALSE,TRUE,5,,2,379,1,15,2,MIT,,,Korea
4407774,moniwiki,wkpark,moniwiki,wkpark/moniwiki,2012-05-22T14:23:14Z,2017-07-25T04:32:26Z,2017-05-09T13:21:32Z,55,TRUE,TRUE,TRUE,TRUE,FALSE,15,,8,4259,5,9,12,GPL-2.0,,,Korea
76232805,React-UMG,ncsoft,React-UMG,ncsoft/React-UMG,2016-12-12T07:32:30Z,2017-08-17T09:59:56Z,2017-08-17T01:24:29Z,55,TRUE,TRUE,TRUE,TRUE,FALSE,12,,0,32,1,1,1,MIT,,,Korea
94962941,age-and-gender-classification,eveningglow,age-and-gender-classification,eveningglow/age-and-gender-classification,2017-06-21T04:31:09Z,2017-09-10T05:18:57Z,2017-06-24T14:56:40Z,55,TRUE,TRUE,TRUE,TRUE,FALSE,15,,2,8,1,0,1,GPL-2.0,,,Korea
52489811,mt7610u-linksys-ae6000-wifi-fixes,xtknight,mt7610u-linksys-ae6000-wifi-fixes,xtknight/mt7610u-linksys-ae6000-wifi-fixes,2016-02-25T02:15:03Z,2017-09-11T02:14:50Z,2017-09-10T00:56:51Z,54,TRUE,TRUE,TRUE,TRUE,FALSE,24,,15,39,3,0,6,GPL-3.0,,,Korea
10286962,unity-googledrive,midworld,unity-googledrive,midworld/unity-googledrive,2013-05-25T16:52:37Z,2017-09-05T04:06:32Z,2017-09-05T03:08:40Z,54,TRUE,TRUE,TRUE,TRUE,TRUE,19,,7,81,1,0,4,Apache-2.0,,,Korea
31265076,phalcon-cron,SidRoberts,phalcon-cron,SidRoberts/phalcon-cron,2015-02-24T14:58:21Z,2017-09-05T21:58:52Z,2017-01-05T02:51:21Z,54,TRUE,TRUE,TRUE,TRUE,FALSE,18,,3,21,2,1,1,MIT,,,Korea
23871888,scalajs-angular-todomvc,greencatsoft,scalajs-angular-todomvc,greencatsoft/scalajs-angular-todomvc,2014-09-10T11:23:17Z,2017-07-28T15:53:16Z,2017-06-18T10:02:58Z,54,TRUE,TRUE,TRUE,TRUE,FALSE,17,,3,42,3,0,3,Apache-2.0,,,Korea
85323146,pathnet,jaesik817,pathnet,jaesik817/pathnet,2017-03-17T14:52:28Z,2017-09-04T16:29:18Z,2017-07-10T01:35:32Z,54,TRUE,TRUE,TRUE,TRUE,FALSE,13,,0,103,2,0,1,MIT,,,Korea
10268448,glew-cmake,Perlmint,glew-cmake,Perlmint/glew-cmake,2013-05-24T14:44:20Z,2017-08-30T06:13:49Z,2017-04-08T06:53:46Z,53,TRUE,TRUE,TRUE,TRUE,FALSE,23,,1,1176,3,30,1,MIT,,,Korea
90543117,Fast-Face-android,gicheonkang,Fast-Face-android,gicheonkang/Fast-Face-android,2017-05-07T15:37:49Z,2017-09-10T12:37:32Z,2017-05-26T01:02:51Z,53,TRUE,TRUE,TRUE,TRUE,FALSE,20,,0,25,1,0,1,Apache-2.0,,,Korea
61807409,unity-scene-web-exporter,if1live,unity-scene-web-exporter,if1live/unity-scene-web-exporter,2016-06-23T13:30:10Z,2017-09-08T19:06:59Z,2017-07-31T20:50:01Z,53,TRUE,TRUE,TRUE,TRUE,TRUE,13,,5,51,2,0,7,MIT,,,Korea
61611248,turtlebot3,ROBOTIS-GIT,turtlebot3,ROBOTIS-GIT/turtlebot3,2016-06-21T07:14:22Z,2017-09-06T01:37:33Z,2017-08-22T04:24:59Z,53,TRUE,FALSE,TRUE,FALSE,FALSE,26,,4,200,3,4,5,Apache-2.0,,,Korea
78116197,vue-component-generator,ChangJoo-Park,vue-component-generator,ChangJoo-Park/vue-component-generator,2017-01-05T13:42:25Z,2017-09-09T11:50:14Z,2017-07-09T12:18:41Z,53,TRUE,TRUE,TRUE,TRUE,TRUE,10,,0,19,2,0,3,MIT,,,Korea
85187349,eslint-config-naver,naver,eslint-config-naver,naver/eslint-config-naver,2017-03-16T11:15:50Z,2017-08-25T00:14:16Z,2017-08-10T09:03:41Z,53,TRUE,TRUE,TRUE,TRUE,FALSE,10,,5,33,1,1,2,MIT,,,Korea
20286430,KWDrawerController,kawoou,KWDrawerController,kawoou/KWDrawerController,2014-05-29T07:51:19Z,2017-09-05T17:21:01Z,2017-06-16T13:41:44Z,53,TRUE,TRUE,TRUE,TRUE,FALSE,7,,2,55,12,13,1,MIT,,,Korea
27421592,XEIcon,xpressengine,XEIcon,xpressengine/XEIcon,2014-12-02T07:58:07Z,2017-09-02T13:36:17Z,2017-09-05T07:24:13Z,53,TRUE,TRUE,TRUE,TRUE,TRUE,18,,13,87,7,11,6,Apache-2.0,,,Korea
57167157,OpenCR,ROBOTIS-GIT,OpenCR,ROBOTIS-GIT/OpenCR,2016-04-26T22:48:46Z,2017-09-07T09:30:29Z,2017-07-25T01:45:12Z,52,TRUE,TRUE,TRUE,TRUE,FALSE,18,,4,383,3,16,11,GPL-3.0,,,Korea
14659998,geonames,ipalaus,geonames,ipalaus/geonames,2013-11-24T11:24:54Z,2017-06-18T00:53:46Z,2017-09-08T10:41:21Z,52,TRUE,TRUE,TRUE,TRUE,FALSE,28,,17,98,1,13,5,MIT,,,Korea
15205558,node-xpush,xpush,node-xpush,xpush/node-xpush,2013-12-15T15:15:20Z,2017-08-15T16:57:58Z,2017-09-06T12:52:04Z,52,TRUE,TRUE,TRUE,TRUE,FALSE,15,,1,565,3,1,4,MIT,,,Korea
97455922,ownphotos-frontend,hooram,ownphotos-frontend,hooram/ownphotos-frontend,2017-07-17T08:57:21Z,2017-09-10T21:25:03Z,2017-09-04T07:13:02Z,52,TRUE,TRUE,TRUE,TRUE,FALSE,2,,4,84,2,0,1,MIT,,,Korea
37639531,docker_cli_dashboard,goody80,docker_cli_dashboard,goody80/docker_cli_dashboard,2015-06-18T05:36:15Z,2017-08-20T12:20:50Z,2017-07-07T06:20:29Z,51,TRUE,TRUE,TRUE,TRUE,TRUE,8,,0,96,2,0,2,GPL-2.0,,,Korea
75027219,neural_tokenizer,Kyubyong,neural_tokenizer,Kyubyong/neural_tokenizer,2016-11-29T00:38:49Z,2017-08-28T01:35:17Z,2017-06-27T04:48:52Z,51,TRUE,TRUE,TRUE,TRUE,FALSE,5,,0,13,1,0,2,MIT,,,Korea
68225744,kino-bot,DongjunLee,kino-bot,DongjunLee/kino-bot,2016-09-14T16:59:34Z,2017-09-06T20:34:48Z,2017-09-03T15:05:32Z,51,TRUE,TRUE,TRUE,TRUE,FALSE,5,,0,387,13,8,2,GPL-3.0,,,Korea
76672254,coding-night-live,dduk-ddak,coding-night-live,dduk-ddak/coding-night-live,2016-12-16T17:24:13Z,2017-09-02T13:48:38Z,2017-08-26T15:08:00Z,51,TRUE,TRUE,TRUE,TRUE,FALSE,8,,18,674,2,5,6,MIT,,,Korea
77439656,bytenet_translation,Kyubyong,bytenet_translation,Kyubyong/bytenet_translation,2016-12-27T08:36:25Z,2017-07-25T03:14:15Z,2017-05-30T01:27:01Z,50,TRUE,TRUE,TRUE,TRUE,FALSE,10,,2,7,1,0,1,MIT,,,Korea
52967303,JNaturalKorean,trilliwon,JNaturalKorean,trilliwon/JNaturalKorean,2016-03-02T14:05:29Z,2017-08-27T11:00:21Z,2017-05-24T11:10:26Z,50,TRUE,TRUE,TRUE,TRUE,FALSE,4,,0,20,1,4,1,MIT,,,Korea
